species,kingdom,type
Oxalis debilis,Plant,Flowering plant
Ulex europaeus,Plant,Flowering plant
Hemidactylus frenatus,Animal,Reptile
Lonchura punctulata,Animal,Bird
Agrotis ipsilon,Animal,Insect
Sphagneticola trilobata,Plant,Flowering plant
Lygodium japonicum,Plant,Fern
Briza maxima,Plant,Grass
Zantedeschia aethiopica,Plant,Flowering plant
Leucaena leucocephala,Plant,Flowering plant
Allium triquetrum,Plant,Flowering plant
Physalia physalis,Animal,Cnidarian
Cortaderia selloana,Plant,Grass
Dodonaea viscosa,Plant,Flowering plant
Ipomoea pes-caprae,Plant,Flowering plant
Bradybaena similaris,Animal,Mollusk
Rhinella marina,Animal,Amphibian
Genista monspessulana,Plant,Flowering plant
Melinis repens,Plant,Grass
Leratiomyces ceres,Fungus,Mushroom
Carpobrotus edulis,Plant,Flowering plant
Chelonia mydas,Animal,Reptile
Pseudohydnum gelatinosum,Fungus,Mushroom
Modiola caroliniana,Plant,Flowering plant
Ceratiomyxa fruticulosa,Fungus,Slime mold
Cardiospermum halicacabum,Plant,Flowering plant
Cyperus eragrostis,Plant,Sedge
Eleusine indica,Plant,Grass
Silene gallica,Plant,Flowering plant
Nephrolepis cordifolia,Plant,Fern
Paspalum dilatatum,Plant,Grass
Coprinopsis lagopus,Fungus,Mushroom
Lupinus arboreus,Plant,Flowering plant
Calliphora vicina,Animal,Insect
Cotula coronopifolia,Plant,Flowering plant
Lunularia cruciata,Plant,Liverwort
Geopelia striata,Animal,Bird
Tremella fuciformis,Fungus,Mushroom
Erigeron karvinskianus,Plant,Flowering plant
Rattus rattus,Animal,Mammal
Ageratina adenophora,Plant,Flowering plant
Calystegia soldanella,Plant,Flowering plant
Trichonephila clavata,Animal,Arachnid
Verbascum virgatum,Plant,Flowering plant
Mus musculus,Animal,Mammal
Emilia sonchifolia,Plant,Flowering plant
Delairea odorata,Plant,Flowering plant
Sida rhombifolia,Plant,Flowering plant
Sesuvium portulacastrum,Plant,Flowering plant
Bellardia viscosa,Plant,Flowering plant
Solanum americanum,Plant,Flowering plant
Pomacea canaliculata,Animal,Mollusk
Sixalix atropurpurea,Plant,Flowering plant
Scaevola taccada,Plant,Flowering plant
Persicaria capitata,Plant,Flowering plant
Pluvialis fulva,Animal,Bird
Helichrysum luteoalbum,Plant,Flowering plant
Codium fragile,Plant,Algae
Passiflora edulis,Plant,Flowering plant
Phyllanthus tenellus,Plant,Flowering plant
Crucibulum laeve,Fungus,Mushroom
Fumaria capreolata,Plant,Flowering plant
Asparagus asparagoides,Plant,Flowering plant
Ammophila arenaria,Plant,Grass
Pinus radiata,Plant,Conifer
Houttuynia cordata,Plant,Flowering plant
Romulea rosea,Plant,Flowering plant
Araujia sericifera,Plant,Flowering plant
Casuarina equisetifolia,Plant,Flowering plant
Myoporum laetum,Plant,Flowering plant
Asphodelus fistulosus,Plant,Flowering plant
Briza minor,Plant,Grass
Lactarius deliciosus,Fungus,Mushroom
Magallana gigas,Animal,Mollusk
Polycarpon tetraphyllum,Plant,Flowering plant
Aseroe rubra,Fungus,Mushroom
Lentinus arcularius,Fungus,Mushroom
Asystasia gangetica,Plant,Flowering plant
Cinnamomum camphora,Plant,Flowering plant
Tetragonia tetragonoides,Plant,Flowering plant
Cotula australis,Plant,Flowering plant
Senecio elegans,Plant,Flowering plant
Oxalis incarnata,Plant,Flowering plant
Candolleomyces candolleanus,Fungus,Mushroom
Fumaria muralis,Plant,Flowering plant
Asparagus aethiopicus,Plant,Flowering plant
Psilotum nudum,Plant,Fern
Malva arborea,Plant,Flowering plant
Morinda citrifolia,Plant,Flowering plant
Ipomoea triloba,Plant,Flowering plant
Pantomorus cervinus,Animal,Insect
Phoenix canariensis,Plant,Flowering plant
Atriplex prostrata,Plant,Flowering plant
Endrosis sarcitrella,Animal,Insect
Dichanthium annulatum,Plant,Grass
Stachytarpheta jamaicensis,Plant,Flowering plant
Erigeron sumatrensis,Plant,Flowering plant
Lantana montevidensis,Plant,Flowering plant
Velella velella,Animal,Cnidarian
Solanum pseudocapsicum,Plant,Flowering plant